score_id,key,segment_start,melody_vector,final_score
11603002,A,116,"[0, 0, 0, 0, 0, 0, 0, 0, 0, 0, 0, 0, 0, 0, 0, 0, 0, 0, 0, 0, 0, 0, 0, 0, 0, 0, 0, 0, 0, 0, 0, 0, 0, 0, 0, 0, 1, 13, 13, 13, 4, 13, 13, 13, 1, 13, 13, 13, 3, 13, 13, 13, 1, 13, 13, 13, 11, 13, 13, 13, 1, 13, 13, 13]",30.0306
11603002,A,260,"[0, 0, 0, 0, 0, 0, 0, 0, 0, 0, 0, 0, 0, 0, 0, 0, 0, 0, 0, 0, 0, 0, 0, 0, 0, 0, 0, 0, 0, 0, 0, 0, 0, 0, 0, 0, 0, 0, 0, 0, 0, 0, 0, 0, 0, 0, 0, 0, 0, 0, 0, 0, 1, 13, 13, 13, 4, 13, 13, 13, 1, 13, 13, 13]",30.4063
11603002,A,272,"[0, 0, 0, 0, 1, 13, 13, 13, 4, 13, 13, 13, 1, 13, 13, 13, 3, 13, 13, 13, 1, 13, 13, 13, 11, 13, 13, 13, 1, 13, 13, 13, 3, 13, 13, 13, 13, 13, 13, 13, 13, 13, 13, 13, 6, 13, 13, 13, 5, 13, 13, 13, 13, 13, 13, 13, 13, 13, 13, 13, 13, 13, 13, 13]",33.2207
11603002,A,220,"[0, 0, 0, 0, 0, 0, 0, 0, 0, 0, 0, 0, 0, 0, 0, 0, 0, 0, 0, 0, 0, 0, 0, 0, 0, 0, 0, 0, 0, 0, 0, 0, 0, 0, 0, 0, 0, 0, 0, 0, 0, 0, 0, 0, 0, 0, 0, 0, 0, 0, 0, 0, 0, 0, 0, 0, 0, 0, 0, 0, 0, 0, 0, 0]",32.6872
11603002,A,224,"[0, 0, 0, 0, 0, 0, 0, 0, 0, 0, 0, 0, 0, 0, 0, 0, 0, 0, 0, 0, 0, 0, 0, 0, 0, 0, 0, 0, 0, 0, 0, 0, 0, 0, 0, 0, 0, 0, 0, 0, 0, 0, 0, 0, 0, 0, 0, 0, 0, 0, 0, 0, 0, 0, 0, 0, 0, 0, 0, 0, 0, 0, 0, 0]",31.7377
11603002,A,180,"[0, 0, 0, 0, 0, 0, 0, 0, 0, 0, 0, 0, 0, 0, 0, 0, 0, 0, 0, 0, 0, 0, 0, 0, 0, 0, 0, 0, 0, 0, 0, 0, 0, 0, 0, 0, 0, 0, 0, 0, 0, 0, 0, 0, 0, 0, 0, 0, 0, 0, 0, 0, 0, 0, 0, 0, 0, 0, 0, 0, 0, 0, 0, 0]",36.9995
11603002,A,64,"[0, 0, 0, 0, 0, 0, 0, 0, 0, 0, 0, 0, 0, 0, 0, 0, 0, 0, 0, 0, 0, 0, 0, 0, 0, 0, 0, 0, 0, 0, 0, 0, 0, 0, 0, 0, 0, 0, 0, 0, 0, 0, 0, 0, 0, 0, 0, 0, 0, 0, 0, 0, 0, 0, 0, 0, 0, 0, 0, 0, 0, 0, 0, 0]",31.9935
11603002,A,236,"[0, 0, 0, 0, 0, 0, 0, 0, 0, 0, 0, 0, 0, 0, 0, 0, 0, 0, 0, 0, 1, 13, 13, 13, 4, 13, 13, 13, 1, 13, 13, 13, 3, 13, 13, 13, 1, 13, 13, 13, 11, 13, 13, 13, 1, 13, 13, 13, 3, 13, 13, 13, 13, 13, 13, 13, 13, 13, 13, 13, 6, 13, 13, 13]",36.16
11603002,A,164,"[0, 0, 0, 0, 0, 0, 0, 0, 0, 0, 0, 0, 0, 0, 0, 0, 0, 0, 0, 0, 0, 0, 0, 0, 0, 0, 0, 0, 0, 0, 0, 0, 0, 0, 0, 0, 0, 0, 0, 0, 0, 0, 0, 0, 0, 0, 0, 0, 0, 0, 0, 0, 0, 0, 0, 0, 0, 0, 0, 0, 0, 0, 0, 0]",35.025
11603002,A,208,"[0, 0, 0, 0, 0, 0, 0, 0, 0, 0, 0, 0, 0, 0, 0, 0, 0, 0, 0, 0, 0, 0, 0, 0, 0, 0, 0, 0, 0, 0, 0, 0, 0, 0, 0, 0, 0, 0, 0, 0, 0, 0, 0, 0, 0, 0, 0, 0, 0, 0, 0, 0, 0, 0, 0, 0, 0, 0, 0, 0, 0, 0, 0, 0]",28.3431
11603002,A,300,"[0, 0, 0, 0, 0, 0, 0, 0, 0, 0, 0, 0, 0, 0, 0, 0, 0, 0, 0, 0, 0, 0, 0, 0, 0, 0, 0, 0, 0, 0, 0, 0, 0, 0, 0, 0, 0, 0, 0, 0, 0, 0, 0, 0, 0, 0, 0, 0, 0, 0, 0, 0, 0, 0, 0, 0, 0, 0, 0, 0, 0, 0, 0, 0]",35.4114
11603002,A,324,"[0, 0, 0, 0, 0, 0, 0, 0, 0, 0, 0, 0, 0, 0, 0, 0, 0, 0, 0, 0, 0, 0, 0, 0, 0, 0, 0, 0, 0, 0, 0, 0, 0, 0, 0, 0, 0, 0, 0, 0, 0, 0, 0, 0, 0, 0, 0, 0, 0, 0, 0, 0, 0, 0, 0, 0, 0, 0, 0, 0, 0, 0, 0, 0]",32.0293
11603002,A,248,"[3, 13, 13, 13, 13, 13, 13, 13, 13, 13, 13, 13, 6, 13, 13, 13, 4, 13, 13, 13, 13, 13, 13, 13, 13, 13, 13, 13, 13, 13, 13, 13, 0, 0, 0, 0, 0, 0, 0, 0, 0, 0, 0, 0, 0, 0, 0, 0, 0, 0, 0, 0, 0, 0, 0, 0, 0, 0, 0, 0, 0, 0, 0, 0]",29.3192
11603002,A,32,"[0, 0, 0, 0, 0, 0, 0, 0, 0, 0, 0, 0, 0, 0, 0, 0, 0, 0, 0, 0, 0, 0, 0, 0, 0, 0, 0, 0, 0, 0, 0, 0, 0, 0, 0, 0, 0, 0, 0, 0, 0, 0, 0, 0, 0, 0, 0, 0, 0, 0, 0, 0, 0, 0, 0, 0, 0, 0, 0, 0, 0, 0, 0, 0]",33.8134
11603002,A,92,"[0, 0, 0, 0, 1, 13, 13, 13, 4, 13, 13, 13, 1, 13, 13, 13, 3, 13, 13, 13, 1, 13, 13, 13, 11, 13, 13, 13, 1, 13, 13, 13, 3, 13, 13, 13, 13, 13, 13, 13, 13, 13, 13, 13, 6, 13, 13, 13, 4, 13, 13, 13, 13, 13, 13, 13, 13, 13, 13, 13, 13, 13, 13, 13]",35.7344
11603002,A,144,"[0, 0, 0, 0, 0, 0, 0, 0, 0, 0, 0, 0, 0, 0, 0, 0, 0, 0, 0, 0, 0, 0, 0, 0, 0, 0, 0, 0, 0, 0, 0, 0, 0, 0, 0, 0, 0, 0, 0, 0, 0, 0, 0, 0, 0, 0, 0, 0, 0, 0, 0, 0, 0, 0, 0, 0, 0, 0, 0, 0, 0, 0, 0, 0]",31.2501
11603002,A,156,"[0, 0, 0, 0, 0, 0, 0, 0, 0, 0, 0, 0, 0, 0, 0, 0, 0, 0, 0, 0, 0, 0, 0, 0, 0, 0, 0, 0, 0, 0, 0, 0, 0, 0, 0, 0, 0, 0, 0, 0, 0, 0, 0, 0, 0, 0, 0, 0, 0, 0, 0, 0, 0, 0, 0, 0, 0, 0, 0, 0, 0, 0, 0, 0]",30.0599
11603002,A,260,"[0, 0, 0, 0, 0, 0, 0, 0, 0, 0, 0, 0, 0, 0, 0, 0, 0, 0, 0, 0, 0, 0, 0, 0, 0, 0, 0, 0, 0, 0, 0, 0, 0, 0, 0, 0, 0, 0, 0, 0, 0, 0, 0, 0, 0, 0, 0, 0, 0, 0, 0, 0, 1, 13, 13, 13, 4, 13, 13, 13, 1, 13, 13, 13]",28.3792
11603002,A,28,"[0, 0, 0, 0, 0, 0, 0, 0, 0, 0, 0, 0, 0, 0, 0, 0, 0, 0, 0, 0, 0, 0, 0, 0, 0, 0, 0, 0, 0, 0, 0, 0, 0, 0, 0, 0, 0, 0, 0, 0, 0, 0, 0, 0, 0, 0, 0, 0, 0, 0, 0, 0, 0, 0, 0, 0, 0, 0, 0, 0, 0, 0, 0, 0]",37.0943
11603002,A,284,"[5, 13, 13, 13, 13, 13, 13, 13, 13, 13, 13, 13, 13, 13, 13, 13, 0, 0, 0, 0, 0, 0, 0, 0, 0, 0, 0, 0, 0, 0, 0, 0, 0, 0, 0, 0, 0, 0, 0, 0, 0, 0, 0, 0, 0, 0, 0, 0, 0, 0, 0, 0, 0, 0, 0, 0, 0, 0, 0, 0, 0, 0, 0, 0]",36.1828
11603002,A,272,"[0, 0, 0, 0, 1, 13, 13, 13, 4, 13, 13, 13, 1, 13, 13, 13, 3, 13, 13, 13, 1, 13, 13, 13, 11, 13, 13, 13, 1, 13, 13, 13, 3, 13, 13, 13, 13, 13, 13, 13, 13, 13, 13, 13, 6, 13, 13, 13, 5, 13, 13, 13, 13, 13, 13, 13, 13, 13, 13, 13, 13, 13, 13, 13]",36.362
11603002,A,224,"[0, 0, 0, 0, 0, 0, 0, 0, 0, 0, 0, 0, 0, 0, 0, 0, 0, 0, 0, 0, 0, 0, 0, 0, 0, 0, 0, 0, 0, 0, 0, 0, 0, 0, 0, 0, 0, 0, 0, 0, 0, 0, 0, 0, 0, 0, 0, 0, 0, 0, 0, 0, 0, 0, 0, 0, 0, 0, 0, 0, 0, 0, 0, 0]",32.3285
11603002,A,4,"[0, 0, 0, 0, 0, 0, 0, 0, 0, 0, 0, 0, 0, 0, 0, 0, 1, 13, 13, 13, 13, 13, 13, 13, 13, 13, 13, 13, 13, 13, 13, 13, 3, 13, 13, 13, 13, 13, 13, 13, 13, 13, 13, 13, 13, 13, 13, 13, 4, 13, 13, 13, 13, 13, 13, 13, 13, 13, 13, 13, 13, 13, 13, 13]",27.584
11603002,A,184,"[0, 0, 0, 0, 0, 0, 0, 0, 0, 0, 0, 0, 0, 0, 0, 0, 0, 0, 0, 0, 0, 0, 0, 0, 0, 0, 0, 0, 0, 0, 0, 0, 0, 0, 0, 0, 0, 0, 0, 0, 0, 0, 0, 0, 0, 0, 0, 0, 0, 0, 0, 0, 0, 0, 0, 0, 0, 0, 0, 0, 0, 0, 0, 0]",35.6287
11603002,A,164,"[0, 0, 0, 0, 0, 0, 0, 0, 0, 0, 0, 0, 0, 0, 0, 0, 0, 0, 0, 0, 0, 0, 0, 0, 0, 0, 0, 0, 0, 0, 0, 0, 0, 0, 0, 0, 0, 0, 0, 0, 0, 0, 0, 0, 0, 0, 0, 0, 0, 0, 0, 0, 0, 0, 0, 0, 0, 0, 0, 0, 0, 0, 0, 0]",29.0335
11603002,A,332,"[0, 0, 0, 0, 0, 0, 0, 0, 0, 0, 0, 0, 0, 0, 0, 0, 0, 0, 0, 0, 0, 0, 0, 0, 0, 0, 0, 0, 0, 0, 0, 0, 0, 0, 0, 0, 0, 0, 0, 0, 0, 0, 0, 0, 0, 0, 0, 0, 0, 0, 0, 0, 0, 0, 0, 0, 0, 0, 0, 0, 0, 0, 0, 0]",28.5642
11603002,A,20,"[6, 13, 13, 13, 13, 13, 13, 13, 13, 13, 13, 13, 13, 13, 13, 13, 0, 0, 0, 0, 0, 0, 0, 0, 0, 0, 0, 0, 0, 0, 0, 0, 0, 0, 0, 0, 0, 0, 0, 0, 0, 0, 0, 0, 0, 0, 0, 0, 0, 0, 0, 0, 0, 0, 0, 0, 0, 0, 0, 0, 0, 0, 0, 0]",34.7938
11603002,A,136,"[5, 13, 13, 13, 13, 13, 13, 13, 13, 13, 13, 13, 13, 13, 13, 13, 0, 0, 0, 0, 0, 0, 0, 0, 0, 0, 0, 0, 0, 0, 0, 0, 0, 0, 0, 0, 0, 0, 0, 0, 0, 0, 0, 0, 0, 0, 0, 0, 0, 0, 0, 0, 0, 0, 0, 0, 0, 0, 0, 0, 0, 0, 0, 0]",36.5245
11603002,A,32,"[0, 0, 0, 0, 0, 0, 0, 0, 0, 0, 0, 0, 0, 0, 0, 0, 0, 0, 0, 0, 0, 0, 0, 0, 0, 0, 0, 0, 0, 0, 0, 0, 0, 0, 0, 0, 0, 0, 0, 0, 0, 0, 0, 0, 0, 0, 0, 0, 0, 0, 0, 0, 0, 0, 0, 0, 0, 0, 0, 0, 0, 0, 0, 0]",34.995
11603002,A,56,"[0, 0, 0, 0, 0, 0, 0, 0, 0, 0, 0, 0, 0, 0, 0, 0, 0, 0, 0, 0, 0, 0, 0, 0, 0, 0, 0, 0, 0, 0, 0, 0, 0, 0, 0, 0, 0, 0, 0, 0, 0, 0, 0, 0, 0, 0, 0, 0, 0, 0, 0, 0, 0, 0, 0, 0, 0, 0, 0, 0, 0, 0, 0, 0]",29.2832
11603002,A,80,"[0, 0, 0, 0, 0, 0, 0, 0, 0, 0, 0, 0, 0, 0, 0, 0, 0, 0, 0, 0, 0, 0, 0, 0, 0, 0, 0, 0, 0, 0, 0, 0, 0, 0, 0, 0, 0, 0, 0, 0, 0, 0, 0, 0, 0, 0, 0, 0, 0, 0, 0, 0, 1, 13, 13, 13, 4, 13, 13, 13, 1, 13, 13, 13]",29.3881
11603002,A,228,"[0, 0, 0, 0, 0, 0, 0, 0, 0, 0, 0, 0, 0, 0, 0, 0, 0, 0, 0, 0, 0, 0, 0, 0, 0, 0, 0, 0, 0, 0, 0, 0, 0, 0, 0, 0, 0, 0, 0, 0, 0, 0, 0, 0, 0, 0, 0, 0, 0, 0, 0, 0, 1, 13, 13, 13, 4, 13, 13, 13, 1, 13, 13, 13]",31.5012
11603002,A,196,"[0, 0, 0, 0, 0, 0, 0, 0, 0, 0, 0, 0, 0, 0, 0, 0, 0, 0, 0, 0, 0, 0, 0, 0, 0, 0, 0, 0, 0, 0, 0, 0, 0, 0, 0, 0, 0, 0, 0, 0, 0, 0, 0, 0, 0, 0, 0, 0, 0, 0, 0, 0, 0, 0, 0, 0, 0, 0, 0, 0, 0, 0, 0, 0]",34.9492
11603002,A,4,"[0, 0, 0, 0, 0, 0, 0, 0, 0, 0, 0, 0, 0, 0, 0, 0, 1, 13, 13, 13, 13, 13, 13, 13, 13, 13, 13, 13, 13, 13, 13, 13, 3, 13, 13, 13, 13, 13, 13, 13, 13, 13, 13, 13, 13, 13, 13, 13, 4, 13, 13, 13, 13, 13, 13, 13, 13, 13, 13, 13, 13, 13, 13, 13]",34.5144
11603002,A,112,"[0, 0, 0, 0, 0, 0, 0, 0, 0, 0, 0, 0, 0, 0, 0, 0, 0, 0, 0, 0, 0, 0, 0, 0, 0, 0, 0, 0, 0, 0, 0, 0, 0, 0, 0, 0, 0, 0, 0, 0, 0, 0, 0, 0, 0, 0, 0, 0, 0, 0, 0, 0, 1, 13, 13, 13, 4, 13, 13, 13, 1, 13, 13, 13]",30.4591
11603002,A,232,"[0, 0, 0, 0, 0, 0, 0, 0, 0, 0, 0, 0, 0, 0, 0, 0, 0, 0, 0, 0, 0, 0, 0, 0, 0, 0, 0, 0, 0, 0, 0, 0, 0, 0, 0, 0, 1, 13, 13, 13, 4, 13, 13, 13, 1, 13, 13, 13, 3, 13, 13, 13, 1, 13, 13, 13, 11, 13, 13, 13, 1, 13, 13, 13]",30.0512
11603002,A,200,"[0, 0, 0, 0, 0, 0, 0, 0, 0, 0, 0, 0, 0, 0, 0, 0, 0, 0, 0, 0, 0, 0, 0, 0, 0, 0, 0, 0, 0, 0, 0, 0, 0, 0, 0, 0, 0, 0, 0, 0, 0, 0, 0, 0, 0, 0, 0, 0, 0, 0, 0, 0, 0, 0, 0, 0, 0, 0, 0, 0, 0, 0, 0, 0]",30.8506
11603002,A,32,"[0, 0, 0, 0, 0, 0, 0, 0, 0, 0, 0, 0, 0, 0, 0, 0, 0, 0, 0, 0, 0, 0, 0, 0, 0, 0, 0, 0, 0, 0, 0, 0, 0, 0, 0, 0, 0, 0, 0, 0, 0, 0, 0, 0, 0, 0, 0, 0, 0, 0, 0, 0, 0, 0, 0, 0, 0, 0, 0, 0, 0, 0, 0, 0]",30.906
11603002,A,140,"[0, 0, 0, 0, 0, 0, 0, 0, 0, 0, 0, 0, 0, 0, 0, 0, 0, 0, 0, 0, 0, 0, 0, 0, 0, 0, 0, 0, 0, 0, 0, 0, 0, 0, 0, 0, 0, 0, 0, 0, 0, 0, 0, 0, 0, 0, 0, 0, 0, 0, 0, 0, 0, 0, 0, 0, 0, 0, 0, 0, 0, 0, 0, 0]",32.694
11603002,A,308,"[0, 0, 0, 0, 0, 0, 0, 0, 0, 0, 0, 0, 0, 0, 0, 0, 0, 0, 0, 0, 0, 0, 0, 0, 0, 0, 0, 0, 0, 0, 0, 0, 0, 0, 0, 0, 0, 0, 0, 0, 0, 0, 0, 0, 0, 0, 0, 0, 0, 0, 0, 0, 0, 0, 0, 0, 0, 0, 0, 0, 0, 0, 0, 0]",33.4865
11603002,A,228,"[0, 0, 0, 0, 0, 0, 0, 0, 0, 0, 0, 0, 0, 0, 0, 0, 0, 0, 0, 0, 0, 0, 0, 0, 0, 0, 0, 0, 0, 0, 0, 0, 0, 0, 0, 0, 0, 0, 0, 0, 0, 0, 0, 0, 0, 0, 0, 0, 0, 0, 0, 0, 1, 13, 13, 13, 4, 13, 13, 13, 1, 13, 13, 13]",33.2504
11603002,A,0,"[0, 0, 0, 0, 0, 0, 0, 0, 0, 0, 0, 0, 0, 0, 0, 0, 0, 0, 0, 0, 0, 0, 0, 0, 0, 0, 0, 0, 0, 0, 0, 0, 1, 13, 13, 13, 13, 13, 13, 13, 13, 13, 13, 13, 13, 13, 13, 13, 3, 13, 13, 13, 13, 13, 13, 13, 13, 13, 13, 13, 13, 13, 13, 13]",35.0355
11603002,A,164,"[0, 0, 0, 0, 0, 0, 0, 0, 0, 0, 0, 0, 0, 0, 0, 0, 0, 0, 0, 0, 0, 0, 0, 0, 0, 0, 0, 0, 0, 0, 0, 0, 0, 0, 0, 0, 0, 0, 0, 0, 0, 0, 0, 0, 0, 0, 0, 0, 0, 0, 0, 0, 0, 0, 0, 0, 0, 0, 0, 0, 0, 0, 0, 0]",36.7664
11603002,A,132,"[3, 13, 13, 13, 13, 13, 13, 13, 13, 13, 13, 13, 6, 13, 13, 13, 5, 13, 13, 13, 13, 13, 13, 13, 13, 13, 13, 13, 13, 13, 13, 13, 0, 0, 0, 0, 0, 0, 0, 0, 0, 0, 0, 0, 0, 0, 0, 0, 0, 0, 0, 0, 0, 0, 0, 0, 0, 0, 0, 0, 0, 0, 0, 0]",31.2697
2973436,C,32,"[5, 8, 0, 12, 1, 12, 0, 8, 1, 12, 0, 8, 1, 12, 0, 8, 5, 13, 0, 0, 5, 13, 0, 0, 5, 13, 0, 0, 5, 13, 0, 0, 5, 8, 0, 12, 1, 12, 0, 8, 1, 12, 0, 8, 1, 12, 0, 8, 5, 13, 0, 0, 5, 13, 0, 0, 5, 13, 0, 0, 5, 13, 0, 0]",48.047
2973436,C,4,"[5, 13, 0, 0, 5, 13, 0, 0, 5, 13, 0, 0, 5, 13, 0, 0, 5, 8, 0, 12, 1, 12, 0, 8, 1, 12, 0, 8, 1, 12, 0, 8, 5, 13, 0, 0, 5, 13, 0, 0, 5, 13, 0, 0, 5, 13, 0, 0, 5, 8, 0, 12, 1, 12, 0, 8, 1, 12, 0, 8, 1, 12, 0, 8]",47.0869
2973436,C,24,"[5, 8, 0, 12, 1, 12, 0, 8, 1, 12, 0, 8, 1, 12, 0, 8, 5, 13, 0, 0, 5, 13, 0, 0, 5, 13, 0, 0, 5, 13, 0, 0, 5, 8, 0, 12, 1, 12, 0, 8, 1, 12, 0, 8, 1, 12, 0, 8, 5, 13, 0, 0, 5, 13, 0, 0, 5, 13, 0, 0, 5, 13, 0, 0]",44.8106
2973436,C,8,"[5, 8, 0, 12, 1, 12, 0, 8, 1, 12, 0, 8, 1, 12, 0, 8, 5, 13, 0, 0, 5, 13, 0, 0, 5, 13, 0, 0, 5, 13, 0, 0, 5, 8, 0, 12, 1, 12, 0, 8, 1, 12, 0, 8, 1, 12, 0, 8, 5, 13, 0, 0, 5, 13, 0, 0, 5, 13, 0, 0, 5, 13, 0, 0]",41.5725
2973436,C,56,"[5, 8, 0, 12, 1, 12, 0, 8, 1, 12, 0, 8, 1, 12, 0, 8, 5, 13, 0, 0, 5, 13, 0, 0, 5, 13, 0, 0, 5, 13, 0, 0, 5, 8, 0, 12, 1, 12, 0, 8, 1, 12, 0, 8, 1, 12, 0, 8, 5, 13, 0, 0, 5, 13, 0, 0, 5, 13, 0, 0, 5, 13, 0, 0]",38.9003
2973436,C,60,"[5, 13, 0, 0, 5, 13, 0, 0, 5, 13, 0, 0, 5, 13, 0, 0, 5, 8, 0, 12, 1, 12, 0, 8, 1, 12, 0, 8, 1, 12, 0, 8, 5, 13, 0, 0, 5, 13, 0, 0, 5, 13, 0, 0, 5, 13, 0, 0, 5, 8, 0, 12, 1, 12, 0, 8, 1, 12, 0, 8, 1, 12, 0, 8]",46.5212
2973436,C,52,"[5, 13, 0, 0, 5, 13, 0, 0, 5, 13, 0, 0, 5, 13, 0, 0, 5, 8, 0, 12, 1, 12, 0, 8, 1, 12, 0, 8, 1, 12, 0, 8, 5, 13, 0, 0, 5, 13, 0, 0, 5, 13, 0, 0, 5, 13, 0, 0, 5, 8, 0, 12, 1, 12, 0, 8, 1, 12, 0, 8, 1, 12, 0, 8]",46.0762
2973436,C,24,"[5, 8, 0, 12, 1, 12, 0, 8, 1, 12, 0, 8, 1, 12, 0, 8, 5, 13, 0, 0, 5, 13, 0, 0, 5, 13, 0, 0, 5, 13, 0, 0, 5, 8, 0, 12, 1, 12, 0, 8, 1, 12, 0, 8, 1, 12, 0, 8, 5, 13, 0, 0, 5, 13, 0, 0, 5, 13, 0, 0, 5, 13, 0, 0]",47.5111
2973436,C,28,"[5, 13, 0, 0, 5, 13, 0, 0, 5, 13, 0, 0, 5, 13, 0, 0, 5, 8, 0, 12, 1, 12, 0, 8, 1, 12, 0, 8, 1, 12, 0, 8, 5, 13, 0, 0, 5, 13, 0, 0, 5, 13, 0, 0, 5, 13, 0, 0, 5, 8, 0, 12, 1, 12, 0, 8, 1, 12, 0, 8, 1, 12, 0, 8]",38.9539
2973436,C,4,"[5, 13, 0, 0, 5, 13, 0, 0, 5, 13, 0, 0, 5, 13, 0, 0, 5, 8, 0, 12, 1, 12, 0, 8, 1, 12, 0, 8, 1, 12, 0, 8, 5, 13, 0, 0, 5, 13, 0, 0, 5, 13, 0, 0, 5, 13, 0, 0, 5, 8, 0, 12, 1, 12, 0, 8, 1, 12, 0, 8, 1, 12, 0, 8]",43.2338
2973436,C,0,"[5, 8, 0, 12, 1, 12, 0, 8, 1, 12, 0, 8, 1, 12, 0, 8, 5, 13, 0, 0, 5, 13, 0, 0, 5, 13, 0, 0, 5, 13, 0, 0, 5, 8, 0, 12, 1, 12, 0, 8, 1, 12, 0, 8, 1, 12, 0, 8, 5, 13, 0, 0, 5, 13, 0, 0, 5, 13, 0, 0, 5, 13, 0, 0]",47.6188
2567011,C,80,"[4, 13, 6, 13, 13, 13, 13, 13, 13, 13, 13, 13, 13, 13, 9, 13, 6, 13, 13, 13, 13, 13, 13, 13, 13, 13, 13, 13, 13, 13, 13, 13, 3, 13, 13, 13, 13, 13, 13, 13, 13, 13, 13, 13, 6, 13, 1, 13, 12, 13, 8, 13, 3, 13, 13, 13, 13, 13, 13, 13, 13, 13, 13, 13]",44.3802
2567011,C,140,"[3, 13, 13, 13, 13, 13, 13, 13, 13, 13, 13, 13, 13, 13, 13, 13, 4, 13, 13, 13, 13, 13, 13, 13, 13, 13, 13, 13, 13, 13, 13, 13, 9, 13, 13, 13, 13, 13, 13, 13, 4, 13, 13, 13, 13, 13, 13, 13, 3, 13, 13, 13, 13, 13, 13, 13, 13, 13, 13, 13, 13, 13, 13, 13]",46.9867
2567011,C,16,"[6, 13, 13, 13, 13, 13, 13, 13, 13, 13, 13, 13, 13, 13, 13, 13, 8, 13, 13, 13, 13, 13, 13, 13, 13, 13, 13, 13, 13, 13, 13, 13, 3, 13, 13, 13, 13, 13, 13, 13, 13, 13, 13, 13, 13, 13, 13, 13, 5, 13, 13, 13, 13, 13, 13, 13, 13, 13, 13, 13, 13, 13, 13, 13]",47.6926
2567011,C,24,"[3, 13, 13, 13, 13, 13, 13, 13, 13, 13, 13, 13, 13, 13, 13, 13, 5, 13, 13, 13, 13, 13, 13, 13, 13, 13, 13, 13, 13, 13, 13, 13, 6, 13, 13, 13, 13, 13, 13, 13, 13, 13, 13, 13, 13, 13, 13, 13, 8, 13, 13, 13, 13, 13, 13, 13, 0, 0, 0, 0, 0, 0, 0, 0]",46.9928
2567011,C,88,"[3, 13, 13, 13, 13, 13, 13, 13, 13, 13, 13, 13, 6, 13, 1, 13, 12, 13, 8, 13, 3, 13, 13, 13, 13, 13, 13, 13, 13, 13, 13, 13, 8, 13, 13, 13, 13, 13, 13, 13, 13, 13, 13, 13, 13, 13, 13, 13, 8, 13, 13, 13, 13, 13, 13, 13, 13, 13, 13, 13, 13, 13, 13, 13]",48.0617
2567011,C,0,"[0, 0, 0, 0, 0, 0, 0, 0, 0, 0, 0, 0, 0, 0, 0, 0, 0, 0, 0, 0, 0, 0, 0, 0, 0, 0, 0, 0, 0, 0, 0, 0, 3, 13, 13, 13, 13, 13, 13, 13, 13, 13, 13, 13, 13, 13, 13, 13, 5, 13, 13, 13, 13, 13, 13, 13, 13, 13, 13, 13, 13, 13, 13, 13]",44.0589
2567011,C,124,"[6, 13, 13, 13, 13, 13, 13, 13, 3, 13, 13, 13, 13, 13, 13, 13, 4, 13, 13, 13, 13, 13, 13, 13, 13, 13, 13, 13, 13, 13, 13, 13, 4, 13, 13, 13, 13, 13, 13, 13, 1, 13, 13, 13, 13, 13, 13, 13, 3, 13, 13, 13, 13, 13, 13, 13, 13, 13, 13, 13, 13, 13, 13, 13]",47.7505
2567011,C,76,"[3, 13, 11, 13, 6, 13, 13, 13, 13, 13, 13, 13, 13, 13, 13, 13, 4, 13, 6, 13, 13, 13, 13, 13, 13, 13, 13, 13, 13, 13, 9, 13, 6, 13, 13, 13, 13, 13, 13, 13, 13, 13, 13, 13, 13, 13, 13, 13, 3, 13, 13, 13, 13, 13, 13, 13, 13, 13, 13, 13, 6, 13, 1, 13]",46.2938
2567011,C,72,"[6, 13, 13, 13, 13, 13, 13, 13, 13, 13, 13, 13, 11, 13, 4, 13, 3, 13, 11, 13, 6, 13, 13, 13, 13, 13, 13, 13, 13, 13, 13, 13, 4, 13, 6, 13, 13, 13, 13, 13, 13, 13, 13, 13, 13, 13, 9, 13, 6, 13, 13, 13, 13, 13, 13, 13, 13, 13, 13, 13, 13, 13, 13, 13]",44.9187
2567011,C,88,"[3, 13, 13, 13, 13, 13, 13, 13, 13, 13, 13, 13, 6, 13, 1, 13, 12, 13, 8, 13, 3, 13, 13, 13, 13, 13, 13, 13, 13, 13, 13, 13, 8, 13, 13, 13, 13, 13, 13, 13, 13, 13, 13, 13, 13, 13, 13, 13, 8, 13, 13, 13, 13, 13, 13, 13, 13, 13, 13, 13, 13, 13, 13, 13]",42.6711
2567011,C,120,"[1, 13, 13, 13, 13, 13, 13, 13, 8, 13, 13, 13, 13, 13, 13, 13, 6, 13, 13, 13, 13, 13, 13, 13, 3, 13, 13, 13, 13, 13, 13, 13, 4, 13, 13, 13, 13, 13, 13, 13, 13, 13, 13, 13, 13, 13, 13, 13, 4, 13, 13, 13, 13, 13, 13, 13, 1, 13, 13, 13, 13, 13, 13, 13]",43.6177
2567011,C,8,"[3, 13, 13, 13, 13, 13, 13, 13, 13, 13, 13, 13, 13, 13, 13, 13, 5, 13, 13, 13, 13, 13, 13, 13, 13, 13, 13, 13, 13, 13, 13, 13, 6, 13, 13, 13, 13, 13, 13, 13, 13, 13, 13, 13, 13, 13, 13, 13, 8, 13, 13, 13, 13, 13, 13, 13, 13, 13, 13, 13, 13, 13, 13, 13]",48.7989
2567011,C,140,"[3, 13, 13, 13, 13, 13, 13, 13, 13, 13, 13, 13, 13, 13, 13, 13, 4, 13, 13, 13, 13, 13, 13, 13, 13, 13, 13, 13, 13, 13, 13, 13, 9, 13, 13, 13, 13, 13, 13, 13, 4, 13, 13, 13, 13, 13, 13, 13, 3, 13, 13, 13, 13, 13, 13, 13, 13, 13, 13, 13, 13, 13, 13, 13]",45.4494
2567011,C,44,"[12, 13, 8, 13, 3, 13, 13, 13, 13, 13, 13, 13, 13, 13, 13, 13, 3, 13, 13, 13, 1, 13, 13, 13, 13, 13, 13, 13, 8, 13, 6, 13, 8, 13, 13, 13, 13, 13, 13, 13, 13, 13, 13, 13, 13, 13, 13, 13, 3, 13, 13, 13, 13, 13, 13, 13, 13, 13, 13, 13, 6, 13, 1, 13]",49.0592
2567011,C,96,"[8, 13, 13, 13, 13, 13, 13, 13, 13, 13, 13, 13, 13, 13, 13, 13, 8, 13, 13, 13, 13, 13, 13, 13, 13, 13, 13, 13, 13, 13, 13, 13, 1, 13, 13, 13, 13, 13, 13, 13, 8, 13, 13, 13, 13, 13, 13, 13, 6, 13, 13, 13, 3, 13, 13, 13, 13, 13, 13, 13, 13, 13, 13, 13]",47.8301
2567011,C,80,"[4, 13, 6, 13, 13, 13, 13, 13, 13, 13, 13, 13, 13, 13, 9, 13, 6, 13, 13, 13, 13, 13, 13, 13, 13, 13, 13, 13, 13, 13, 13, 13, 3, 13, 13, 13, 13, 13, 13, 13, 13, 13, 13, 13, 6, 13, 1, 13, 12, 13, 8, 13, 3, 13, 13, 13, 13, 13, 13, 13, 13, 13, 13, 13]",46.3753
2567011,C,112,"[1, 13, 13, 13, 13, 13, 13, 13, 8, 13, 13, 13, 13, 13, 13, 13, 6, 13, 13, 13, 3, 13, 13, 13, 13, 13, 13, 13, 12, 13, 13, 13, 1, 13, 13, 13, 13, 13, 13, 13, 8, 13, 13, 13, 13, 13, 13, 13, 6, 13, 13, 13, 13, 13, 13, 13, 3, 13, 13, 13, 13, 13, 13, 13]",46.9748
2567011,C,96,"[8, 13, 13, 13, 13, 13, 13, 13, 13, 13, 13, 13, 13, 13, 13, 13, 8, 13, 13, 13, 13, 13, 13, 13, 13, 13, 13, 13, 13, 13, 13, 13, 1, 13, 13, 13, 13, 13, 13, 13, 8, 13, 13, 13, 13, 13, 13, 13, 6, 13, 13, 13, 3, 13, 13, 13, 13, 13, 13, 13, 13, 13, 13, 13]",50.6939
2567011,C,124,"[6, 13, 13, 13, 13, 13, 13, 13, 3, 13, 13, 13, 13, 13, 13, 13, 4, 13, 13, 13, 13, 13, 13, 13, 13, 13, 13, 13, 13, 13, 13, 13, 4, 13, 13, 13, 13, 13, 13, 13, 1, 13, 13, 13, 13, 13, 13, 13, 3, 13, 13, 13, 13, 13, 13, 13, 13, 13, 13, 13, 13, 13, 13, 13]",43.5858
2567011,C,88,"[3, 13, 13, 13, 13, 13, 13, 13, 13, 13, 13, 13, 6, 13, 1, 13, 12, 13, 8, 13, 3, 13, 13, 13, 13, 13, 13, 13, 13, 13, 13, 13, 8, 13, 13, 13, 13, 13, 13, 13, 13, 13, 13, 13, 13, 13, 13, 13, 8, 13, 13, 13, 13, 13, 13, 13, 13, 13, 13, 13, 13, 13, 13, 13]",50.2788
7072915,F#,204,"[10, 13, 13, 13, 10, 13, 13, 13, 1, 13, 13, 13, 1, 13, 13, 13, 6, 13, 13, 13, 6, 13, 13, 13, 8, 13, 13, 13, 8, 13, 13, 13, 10, 13, 13, 13, 10, 13, 13, 13, 5, 13, 13, 13, 5, 13, 13, 13, 3, 13, 13, 13, 3, 13, 13, 13, 7, 13, 13, 13, 7, 13, 13, 13]",34.3331
7072915,F#,192,"[6, 13, 13, 13, 6, 13, 13, 13, 8, 13, 13, 13, 8, 13, 13, 13, 10, 13, 13, 13, 10, 13, 13, 13, 8, 13, 13, 13, 8, 13, 13, 13, 6, 13, 13, 13, 6, 13, 13, 13, 8, 13, 13, 13, 8, 13, 13, 13, 10, 13, 13, 13, 10, 13, 13, 13, 1, 13, 13, 13, 1, 13, 13, 13]",43.5677
7072915,F#,84,"[10, 13, 13, 13, 10, 8, 13, 10, 10, 13, 0, 0, 0, 0, 0, 0, 6, 13, 13, 13, 6, 13, 13, 13, 8, 13, 13, 13, 8, 13, 13, 13, 10, 13, 13, 13, 10, 13, 13, 13, 8, 13, 13, 13, 8, 13, 13, 13, 6, 13, 13, 13, 6, 13, 13, 13, 8, 13, 13, 13, 8, 13, 13, 13]",41.3669
7072915,F#,140,"[5, 13, 13, 13, 13, 13, 13, 13, 13, 13, 13, 13, 13, 13, 13, 13, 6, 13, 13, 13, 13, 13, 13, 13, 8, 13, 13, 13, 13, 13, 13, 13, 10, 13, 13, 13, 10, 8, 13, 10, 10, 13, 13, 13, 0, 0, 0, 0, 0, 0, 0, 0, 0, 0, 0, 0, 0, 0, 0, 0, 0, 0, 0, 0]",43.3378
7072915,F#,208,"[6, 13, 13, 13, 6, 13, 13, 13, 8, 13, 13, 13, 8, 13, 13, 13, 10, 13, 13, 13, 10, 13, 13, 13, 5, 13, 13, 13, 5, 13, 13, 13, 3, 13, 13, 13, 3, 13, 13, 13, 7, 13, 13, 13, 7, 13, 13, 13, 5, 13, 13, 13, 0, 0, 0, 0, 0, 0, 0, 0, 0, 0, 0, 0]",37.1168
7072915,F#,208,"[6, 13, 13, 13, 6, 13, 13, 13, 8, 13, 13, 13, 8, 13, 13, 13, 10, 13, 13, 13, 10, 13, 13, 13, 5, 13, 13, 13, 5, 13, 13, 13, 3, 13, 13, 13, 3, 13, 13, 13, 7, 13, 13, 13, 7, 13, 13, 13, 5, 13, 13, 13, 0, 0, 0, 0, 0, 0, 0, 0, 0, 0, 0, 0]",43.6963
7072915,F#,112,"[3, 13, 13, 13, 3, 13, 13, 13, 7, 13, 13, 13, 7, 13, 13, 13, 5, 13, 13, 13, 0, 0, 0, 0, 0, 0, 0, 0, 0, 0, 0, 0, 6, 13, 13, 13, 13, 13, 13, 13, 13, 13, 13, 13, 13, 13, 13, 13, 5, 13, 13, 13, 13, 13, 13, 13, 13, 13, 13, 13, 13, 13, 13, 13]",36.4936
7072915,F#,156,"[0, 0, 0, 0, 0, 0, 0, 0, 0, 0, 0, 0, 0, 0, 0, 0, 0, 0, 0, 0, 0, 0, 0, 0, 0, 0, 0, 0, 0, 0, 0, 0, 0, 0, 0, 0, 0, 0, 0, 0, 0, 0, 0, 0, 0, 0, 0, 0, 0, 0, 0, 0, 0, 0, 0, 0, 0, 0, 0, 0, 0, 0, 0, 0]",39.9832
7072915,F#,56,"[6, 13, 13, 13, 13, 13, 13, 13, 13, 13, 13, 13, 13, 13, 13, 13, 5, 13, 13, 13, 13, 13, 13, 13, 13, 13, 13, 13, 13, 13, 13, 13, 6, 13, 13, 13, 13, 13, 13, 13, 8, 13, 13, 13, 13, 13, 13, 13, 1, 13, 13, 13, 13, 13, 1, 1, 1, 13, 13, 5, 5, 13, 13, 13]",34.5206
7072915,F#,200,"[6, 13, 13, 13, 6, 13, 13, 13, 8, 13, 13, 13, 8, 13, 13, 13, 10, 13, 13, 13, 10, 13, 13, 13, 1, 13, 13, 13, 1, 13, 13, 13, 6, 13, 13, 13, 6, 13, 13, 13, 8, 13, 13, 13, 8, 13, 13, 13, 10, 13, 13, 13, 10, 13, 13, 13, 5, 13, 13, 13, 5, 13, 13, 13]",38.8563
7072915,F#,128,"[6, 13, 13, 13, 13, 13, 13, 13, 8, 13, 13, 13, 13, 13, 13, 13, 1, 13, 13, 13, 13, 13, 1, 1, 1, 13, 13, 5, 5, 13, 13, 13, 6, 13, 13, 13, 13, 13, 13, 13, 13, 13, 13, 13, 13, 13, 13, 13, 5, 13, 13, 13, 13, 13, 13, 13, 13, 13, 13, 13, 13, 13, 13, 13]",37.6836
7072915,F#,112,"[3, 13, 13, 13, 3, 13, 13, 13, 7, 13, 13, 13, 7, 13, 13, 13, 5, 13, 13, 13, 0, 0, 0, 0, 0, 0, 0, 0, 0, 0, 0, 0, 6, 13, 13, 13, 13, 13, 13, 13, 13, 13, 13, 13, 13, 13, 13, 13, 5, 13, 13, 13, 13, 13, 13, 13, 13, 13, 13, 13, 13, 13, 13, 13]",37.6367
7072915,F#,160,"[0, 0, 0, 0, 0, 0, 0, 0, 0, 0, 0, 0, 0, 0, 0, 0, 0, 0, 0, 0, 0, 0, 0, 0, 0, 0, 0, 0, 0, 0, 0, 0, 0, 0, 0, 0, 0, 0, 0, 0, 0, 0, 0, 0, 0, 0, 0, 0, 0, 0, 0, 0, 0, 0, 0, 0, 0, 0, 0, 0, 0, 0, 0, 0]",35.2611
7072915,F#,36,"[0, 0, 0, 0, 0, 0, 0, 0, 0, 0, 0, 0, 0, 0, 0, 0, 0, 0, 0, 0, 0, 0, 0, 0, 0, 0, 0, 0, 0, 0, 0, 0, 0, 0, 0, 0, 0, 0, 0, 0, 0, 0, 0, 0, 0, 0, 0, 0, 0, 0, 0, 0, 0, 0, 0, 0, 0, 0, 0, 0, 0, 0, 0, 0]",34.9979
7072915,F#,132,"[1, 13, 13, 13, 13, 13, 1, 1, 1, 13, 13, 5, 5, 13, 13, 13, 6, 13, 13, 13, 13, 13, 13, 13, 13, 13, 13, 13, 13, 13, 13, 13, 5, 13, 13, 13, 13, 13, 13, 13, 13, 13, 13, 13, 13, 13, 13, 13, 6, 13, 13, 13, 13, 13, 13, 13, 8, 13, 13, 13, 13, 13, 13, 13]",36.5943
7072915,F#,76,"[5, 13, 13, 13, 13, 13, 13, 13, 13, 13, 13, 13, 13, 13, 13, 13, 6, 13, 13, 13, 13, 13, 13, 13, 8, 13, 13, 13, 13, 13, 13, 13, 10, 13, 13, 13, 10, 8, 13, 10, 10, 13, 0, 0, 0, 0, 0, 0, 6, 13, 13, 13, 6, 13, 13, 13, 8, 13, 13, 13, 8, 13, 13, 13]",38.7328
7072915,F#,60,"[5, 13, 13, 13, 13, 13, 13, 13, 13, 13, 13, 13, 13, 13, 13, 13, 6, 13, 13, 13, 13, 13, 13, 13, 8, 13, 13, 13, 13, 13, 13, 13, 1, 13, 13, 13, 13, 13, 1, 1, 1, 13, 13, 5, 5, 13, 13, 13, 6, 13, 13, 13, 13, 13, 13, 13, 13, 13, 13, 13, 13, 13, 13, 13]",38.2248
7072915,F#,200,"[6, 13, 13, 13, 6, 13, 13, 13, 8, 13, 13, 13, 8, 13, 13, 13, 10, 13, 13, 13, 10, 13, 13, 13, 1, 13, 13, 13, 1, 13, 13, 13, 6, 13, 13, 13, 6, 13, 13, 13, 8, 13, 13, 13, 8, 13, 13, 13, 10, 13, 13, 13, 10, 13, 13, 13, 5, 13, 13, 13, 5, 13, 13, 13]",42.8662
7072915,F#,52,"[0, 0, 0, 0, 0, 0, 0, 0, 0, 0, 0, 0, 0, 0, 0, 0, 6, 13, 13, 13, 13, 13, 13, 13, 13, 13, 13, 13, 13, 13, 13, 13, 5, 13, 13, 13, 13, 13, 13, 13, 13, 13, 13, 13, 13, 13, 13, 13, 6, 13, 13, 13, 13, 13, 13, 13, 8, 13, 13, 13, 13, 13, 13, 13]",44.0399
7072915,F#,216,"[3, 13, 13, 13, 3, 13, 13, 13, 7, 13, 13, 13, 7, 13, 13, 13, 5, 13, 13, 13, 0, 0, 0, 0, 0, 0, 0, 0, 0, 0, 0, 0, 0, 0, 0, 0, 0, 0, 0, 0, 0, 0, 0, 0, 0, 0, 0, 0, 0, 0, 0, 0, 0, 0, 0, 0, 0, 0, 0, 0, 0, 0, 0, 0]",37.5039
7072915,F#,96,"[6, 13, 13, 13, 6, 13, 13, 13, 8, 13, 13, 13, 8, 13, 13, 13, 10, 13, 13, 13, 10, 13, 13, 13, 1, 13, 13, 13, 1, 13, 13, 13, 6, 13, 13, 13, 6, 13, 13, 13, 8, 13, 13, 13, 8, 13, 13, 13, 10, 13, 13, 13, 10, 13, 13, 13, 5, 13, 13, 13, 5, 13, 13, 13]",38.2106
7072915,F#,48,"[0, 0, 0, 0, 0, 0, 0, 0, 0, 0, 0, 0, 0, 0, 0, 0, 0, 0, 0, 0, 0, 0, 0, 0, 0, 0, 0, 0, 0, 0, 0, 0, 6, 13, 13, 13, 13, 13, 13, 13, 13, 13, 13, 13, 13, 13, 13, 13, 5, 13, 13, 13, 13, 13, 13, 13, 13, 13, 13, 13, 13, 13, 13, 13]",36.9888
7072915,F#,204,"[10, 13, 13, 13, 10, 13, 13, 13, 1, 13, 13, 13, 1, 13, 13, 13, 6, 13, 13, 13, 6, 13, 13, 13, 8, 13, 13, 13, 8, 13, 13, 13, 10, 13, 13, 13, 10, 13, 13, 13, 5, 13, 13, 13, 5, 13, 13, 13, 3, 13, 13, 13, 3, 13, 13, 13, 7, 13, 13, 13, 7, 13, 13, 13]",40.226
7072915,F#,208,"[6, 13, 13, 13, 6, 13, 13, 13, 8, 13, 13, 13, 8, 13, 13, 13, 10, 13, 13, 13, 10, 13, 13, 13, 5, 13, 13, 13, 5, 13, 13, 13, 3, 13, 13, 13, 3, 13, 13, 13, 7, 13, 13, 13, 7, 13, 13, 13, 5, 13, 13, 13, 0, 0, 0, 0, 0, 0, 0, 0, 0, 0, 0, 0]",37.8669
7072915,F#,52,"[0, 0, 0, 0, 0, 0, 0, 0, 0, 0, 0, 0, 0, 0, 0, 0, 6, 13, 13, 13, 13, 13, 13, 13, 13, 13, 13, 13, 13, 13, 13, 13, 5, 13, 13, 13, 13, 13, 13, 13, 13, 13, 13, 13, 13, 13, 13, 13, 6, 13, 13, 13, 13, 13, 13, 13, 8, 13, 13, 13, 13, 13, 13, 13]",39.7253
7072915,F#,172,"[0, 0, 0, 0, 0, 0, 0, 0, 0, 0, 0, 0, 0, 0, 0, 0, 0, 0, 0, 0, 0, 0, 0, 0, 0, 0, 0, 0, 0, 0, 0, 0, 0, 0, 0, 0, 0, 0, 0, 0, 0, 0, 0, 0, 0, 0, 0, 0, 0, 0, 0, 0, 0, 0, 0, 0, 0, 0, 0, 0, 0, 0, 0, 0]",42.188
7072915,F#,160,"[0, 0, 0, 0, 0, 0, 0, 0, 0, 0, 0, 0, 0, 0, 0, 0, 0, 0, 0, 0, 0, 0, 0, 0, 0, 0, 0, 0, 0, 0, 0, 0, 0, 0, 0, 0, 0, 0, 0, 0, 0, 0, 0, 0, 0, 0, 0, 0, 0, 0, 0, 0, 0, 0, 0, 0, 0, 0, 0, 0, 0, 0, 0, 0]",41.809
7072915,F#,68,"[1, 13, 13, 13, 13, 13, 1, 1, 1, 13, 13, 5, 5, 13, 13, 13, 6, 13, 13, 13, 13, 13, 13, 13, 13, 13, 13, 13, 13, 13, 13, 13, 5, 13, 13, 13, 13, 13, 13, 13, 13, 13, 13, 13, 13, 13, 13, 13, 6, 13, 13, 13, 13, 13, 13, 13, 8, 13, 13, 13, 13, 13, 13, 13]",41.6328
7072915,F#,60,"[5, 13, 13, 13, 13, 13, 13, 13, 13, 13, 13, 13, 13, 13, 13, 13, 6, 13, 13, 13, 13, 13, 13, 13, 8, 13, 13, 13, 13, 13, 13, 13, 1, 13, 13, 13, 13, 13, 1, 1, 1, 13, 13, 5, 5, 13, 13, 13, 6, 13, 13, 13, 13, 13, 13, 13, 13, 13, 13, 13, 13, 13, 13, 13]",42.7138
